name,baseline_s,vectorized_s,speedup,flat_time_s,curved_time_s,efficiency_gain_pct,harmonic_s
flowform_mc,0.07488012313842773,0.07439947128295898,1.0064604067840794,,,,
thermal_diff,,,1.0868882241486355,0.49755167961120605,0.4577763080596924,-30933141112423.6,
whitehole_latency,0.11013412475585938,,0.835144564204125,,,,0.13187432289123535
