name,baseline_s,vectorized_s,speedup,flat_time_s,curved_time_s,efficiency_gain_pct,harmonic_s
flowform_mc,0.04418444633483887,0.04222559928894043,1.0463900106213881,,,,
thermal_diff,,,0.9853443132439623,0.12985563278198242,0.13178706169128418,-4195208358.3,
whitehole_latency,0.02577805519104004,,0.6219498014941928,,,,0.04144716262817383
