{
  "total_tests": 3,
  "avg_speedup": 0.88378566742143,
  "max_speedup": 1.033699160349356,
  "thermal_gain_pct": -30933141112423.6
}