{
  "total_tests": 3,
  "avg_speedup": 0.9312106940348924,
  "max_speedup": 1.0841765975316504,
  "thermal_gain_pct": -30933141112423.6
}