name,baseline_s,vectorized_s,speedup,flat_time_s,curved_time_s,efficiency_gain_pct,harmonic_s
flowform_mc,0.07686161994934082,0.07089400291442871,1.0841765975316504,,,,
thermal_diff,,,0.9060750100954751,0.476637601852417,0.5260465145111084,-30933141112423.6,
whitehole_latency,0.11811518669128418,,0.8033804744775517,,,,0.14702272415161133
