name,baseline_s,vectorized_s,speedup,flat_time_s,curved_time_s,efficiency_gain_pct,harmonic_s
flowform_mc,0.07435488700866699,0.08739304542541504,0.8508101050364989,,,,
thermal_diff,,,1.033699160349356,0.5240585803985596,0.5069739818572998,-30933141112423.6,
whitehole_latency,0.10238265991210938,,0.7668477368784353,,,,0.13351106643676758
