{
  "total_tests": 3,
  "avg_speedup": 1.1913620321050715,
  "max_speedup": 1.679807294572147,
  "thermal_gain_pct": -1.83003977708514e+33
}