{
  "total_tests": 3,
  "avg_speedup": 1.05783409292771,
  "max_speedup": 1.4470350922398791,
  "thermal_gain_pct": -30933141112423.6
}