{
  "total_tests": 3,
  "avg_speedup": 0.8845613751198478,
  "max_speedup": 1.0463900106213881,
  "thermal_gain_pct": -4195208358.3
}