{
  "total_tests": 3,
  "avg_speedup": 0.9761643983789465,
  "max_speedup": 1.0868882241486355,
  "thermal_gain_pct": -30933141112423.6
}