{
  "total_tests": 3,
  "avg_speedup": 0.8480728804648514,
  "max_speedup": 1.1317353373952586,
  "thermal_gain_pct": -4195208358.3
}