name,baseline_s,vectorized_s,speedup,flat_time_s,curved_time_s,efficiency_gain_pct,harmonic_s
flowform_mc,0.10048437118530273,0.06944155693054199,1.4470350922398791,,,,
thermal_diff,,,0.9994779505950587,0.48886942863464355,0.48912477493286133,-30933141112423.6,
whitehole_latency,0.10555243492126465,,0.726989235948192,,,,0.14519119262695312
