{
  "ENTRY_TH": 0.004326,
  "EXIT_TH": 0.016869,
  "TAKE_PROFIT_PCT": 0.011191,
  "STOP_LOSS_PCT": 0.006582,
  "last_heartbeat": 1762460530
}