{
  "ENTRY_TH": 0.004337,
  "EXIT_TH": 0.016709,
  "TAKE_PROFIT_PCT": 0.011795,
  "STOP_LOSS_PCT": 0.006659,
  "last_heartbeat": 1762523559
}